Model,Actual,Predicted
Linear Regression,375000.0,157408.43564169022
Linear Regression,340000.0,182129.68961540627
Linear Regression,439928.0,604118.4402767799
Linear Regression,170000.0,129122.78241445887
Linear Regression,375000.0,389454.7296985822
Linear Regression,340000.0,384640.7803532694
Linear Regression,215000.0,234565.39179967128
Linear Regression,375000.0,614249.4518529746
Linear Regression,425000.0,684735.1986306724
Linear Regression,378800.0,359171.3694209646
Linear Regression,210000.0,315043.8164386116
Linear Regression,618744.0,995801.8196319931
Linear Regression,460000.0,295749.52162321936
Linear Regression,394000.0,1093624.9822934521
Linear Regression,320000.0,347437.780139867
Linear Regression,717500.0,911432.363022231
Linear Regression,279000.0,354368.2649637527
Linear Regression,380000.0,387609.40037069394
Linear Regression,335000.0,526515.0417691364
Linear Regression,468000.0,609629.2962907618
Linear Regression,810000.0,528067.234364558
Linear Regression,550000.0,547614.8893476457
Linear Regression,35000.0,271264.9460130967
Linear Regression,549900.0,641787.8623870418
Linear Regression,700888.0,356530.73811925086
Linear Regression,289000.0,560293.9490382366
Linear Regression,379000.0,527820.9531629073
Linear Regression,285000.0,356974.0442822223
Linear Regression,488000.0,527643.1338777014
Linear Regression,498000.0,446967.2537628901
Linear Regression,460000.0,639735.9052597756
Linear Regression,53000.0,101635.0388835796
Linear Regression,410000.0,641738.6061467116
Linear Regression,300000.0,315630.08990354487
Linear Regression,825000.0,641447.8701237594
Linear Regression,332500.0,528170.431088743
Linear Regression,1482000.0,1090692.7183108542
Linear Regression,1498800.0,525490.1463847564
Linear Regression,442500.0,719647.2621098973
Linear Regression,240000.0,627750.7598657657
Linear Regression,223300.0,116297.23827595555
Linear Regression,248000.0,501066.74055470974
Linear Regression,401900.0,438343.8826661341
Linear Regression,271000.0,482931.0826690049
Linear Regression,220000.0,429936.8386206997
Linear Regression,490000.0,316028.9412452147
Linear Regression,595000.0,531129.5654436143
Linear Regression,613000.0,607206.9681452332
Linear Regression,640000.0,702429.4581346437
Linear Regression,436440.0,604781.7370122485
Linear Regression,707000.0,801406.0468025852
Linear Regression,435000.0,527435.3474188526
Linear Regression,445000.0,645241.8426792249
Linear Regression,520000.0,940956.0149362292
Linear Regression,250000.0,338642.60502671596
Linear Regression,688000.0,527155.3728934284
Linear Regression,240000.0,621773.8664286438
Linear Regression,260000.0,754001.9225351902
Linear Regression,364000.0,369666.4891495372
Linear Regression,200000.0,402372.24222885363
Linear Regression,760000.0,561119.3015762776
Linear Regression,80000.0,517970.8637563471
Linear Regression,130000.0,214847.40665832208
Linear Regression,160000.0,213839.43341604644
Linear Regression,385000.0,529249.3841324818
Linear Regression,235789.0,356429.82492907625
Linear Regression,620000.0,794973.8695768444
Linear Regression,550000.0,798672.7640786114
Linear Regression,280000.0,316270.42102783686
Linear Regression,138000.0,17651.13648056198
Linear Regression,527680.0,524709.365843521
Linear Regression,1365000.0,529821.1361648251
Linear Regression,1300000.0,1025148.3068011901
Linear Regression,2800000.0,890888.1957385885
Linear Regression,349350.0,522298.2107768577
Linear Regression,380000.0,684856.0242849817
Linear Regression,887800.0,638524.9469776799
Linear Regression,408000.0,257777.33259367733
Linear Regression,390000.0,638479.2501063349
Linear Regression,220000.0,245356.91316134523
Linear Regression,414973.0,554716.3459674403
Linear Regression,770000.0,608057.8980192256
Linear Regression,120700.0,346450.25462374964
Linear Regression,308000.0,233135.56289597473
Linear Regression,505000.0,505721.6849410396
Linear Regression,620000.0,645340.3551598853
Linear Regression,530000.0,589044.5599044431
Linear Regression,190000.0,273269.9992217152
Linear Regression,368800.0,375102.227514353
Linear Regression,408900.0,261175.32550007006
Linear Regression,260000.0,515038.6950322013
Linear Regression,400000.0,1124889.7339352462
Linear Regression,866000.0,645340.3551598853
Linear Regression,119000.0,243225.57398751623
Linear Regression,265000.0,372330.63245824905
Linear Regression,320000.0,766125.7799474252
Linear Regression,297000.0,235491.65752788685
Linear Regression,90000.0,268624.6337449851
Linear Regression,1453150.0,1093835.5148539268
Linear Regression,350000.0,614249.4518529746
Linear Regression,855000.0,766268.747249387
Linear Regression,760000.0,524948.3277411248
Linear Regression,600000.0,642108.6489742096
Linear Regression,300000.0,262556.3867304649
Linear Regression,445000.0,529441.6076747738
Linear Regression,420000.0,525923.8497096705
Linear Regression,375000.0,326283.44538228563
Linear Regression,350260.0,315979.6850048846
Linear Regression,1415000.0,637144.530198392
Linear Regression,220000.0,386284.2833008084
Linear Regression,520000.0,529003.102930831
Linear Regression,460000.0,939837.5256657216
Linear Regression,230000.0,133404.51595419727
Linear Regression,600000.0,642760.9836460733
Linear Regression,413000.0,325678.62135678576
Linear Regression,138000.0,549454.2572610889
Linear Regression,310000.0,233428.69962844136
Linear Regression,450000.0,645094.0739582344
Linear Regression,365000.0,467422.39931262896
Linear Regression,460000.0,889193.0358412049
Linear Regression,450000.0,354321.5281752348
Linear Regression,795000.0,719234.0065111415
Linear Regression,380000.0,781801.1798911932
Linear Regression,630000.0,527643.1338777014
Linear Regression,475000.0,645241.8426792249
Linear Regression,235000.0,314256.7193687215
Linear Regression,269100.0,372375.4023785549
Linear Regression,332500.0,91554.55538807833
Linear Regression,397083.0,244191.5683600218
Linear Regression,210000.0,430330.88854334096
Linear Regression,274850.0,108612.16580158164
Linear Regression,80000.0,513230.08201862016
Linear Regression,315000.0,220032.10104773456
Linear Regression,205000.0,186357.36549578584
Linear Regression,245000.0,258651.9413720485
Linear Regression,234000.0,403603.6482371075
Linear Regression,370000.0,479622.470388298
Linear Regression,250000.0,523578.75584993773
Linear Regression,380000.0,158275.84229151835
Linear Regression,140000.0,258905.42470224222
Linear Regression,250000.0,258466.9199582995
Linear Regression,330000.0,384394.4991516187
Linear Regression,398800.0,372466.3976316679
Linear Regression,840000.0,890944.6541074615
Linear Regression,550000.0,525637.915105747
Linear Regression,909000.0,723145.697223382
Linear Regression,440000.0,530622.5987832267
Linear Regression,590000.0,642760.9836460733
Linear Regression,380000.0,529589.3763957642
Linear Regression,380000.0,346602.8247637687
Linear Regression,499600.0,1094731.730017927
Linear Regression,1300000.0,605825.6037217351
Linear Regression,775000.0,641704.996213511
Linear Regression,310000.0,258710.80045043596
Linear Regression,380000.0,480524.7786841758
Linear Regression,615000.0,640814.7411280103
Linear Regression,335000.0,897029.0616469467
Linear Regression,300000.0,412444.70146980893
Linear Regression,372500.0,1095420.9382055062
Linear Regression,522000.0,354705.85651752085
Linear Regression,589000.0,607338.2600903879
Linear Regression,200000.0,133313.32277758396
Linear Regression,559444.0,356912.78449432045
Linear Regression,869000.0,723731.9706883151
Linear Regression,350000.0,104260.85398096434
Linear Regression,280000.0,355400.00779327576
Linear Regression,470000.0,354321.5281752348
Linear Regression,288000.0,260900.9234606353
Linear Regression,300000.0,386343.1423791959
Linear Regression,1600000.0,1113489.8607357075
Linear Regression,170000.0,389651.7546599028
Linear Regression,685000.0,733663.5306717508
Linear Regression,80000.0,355937.2625257747
Linear Regression,380000.0,526460.9841097776
Linear Regression,680000.0,637841.3196915572
Linear Regression,265000.0,164321.197645085
Linear Regression,577150.0,529973.8234803481
Linear Regression,275000.0,234605.04520194407
Linear Regression,526500.0,672463.0041767401
Linear Regression,748000.0,638967.0110906077
Linear Regression,895000.0,526374.475176689
Linear Regression,450000.0,638868.4986099475
Linear Regression,789000.0,821152.3110577819
Linear Regression,1260000.0,1108759.944638057
Linear Regression,470000.0,212544.1496237312
Linear Regression,335000.0,382045.0400819633
Linear Regression,625000.0,532937.642078744
Linear Regression,310000.0,604994.5567669376
Linear Regression,270000.0,399858.93192197214
Linear Regression,1060888.0,637490.5659307467
Linear Regression,163000.0,117516.64073663781
Linear Regression,300000.0,357851.05377010774
Linear Regression,378000.0,355836.1118277041
Linear Regression,200000.0,218658.18418038782
Linear Regression,1103000.0,539558.1955910663
Linear Regression,310000.0,609770.6933519156
Linear Regression,1450000.0,526015.1600617878
Linear Regression,292500.0,233720.83358551562
Linear Regression,200000.0,347043.7302172258
Linear Regression,885000.0,637932.6300436745
Linear Regression,170000.0,214354.84425502055
Linear Regression,452000.0,639282.9962587468
Linear Regression,440000.0,612108.5850831055
Linear Regression,220000.0,480539.0161029523
Linear Regression,504000.0,548702.7587279221
Linear Regression,745000.0,642017.3386220923
Linear Regression,80000.0,407496.2290011209
Linear Regression,360000.0,527347.5964357203
Linear Regression,230435.0,232234.546312946
Linear Regression,290000.0,569265.2358759425
Linear Regression,275000.0,234401.82088747283
Linear Regression,132500.0,245661.97819936633
Linear Regression,268000.0,258257.89144940724
Linear Regression,1350000.0,739350.5291938256
Linear Regression,942450.0,689001.9926513012
Linear Regression,400000.0,689100.5051319615
Linear Regression,380000.0,523773.497277248
Linear Regression,181500.0,180415.32404190814
Linear Regression,480000.0,1095458.5700753077
Linear Regression,405900.0,241815.74535683414
Linear Regression,211500.0,39523.9038986339
Linear Regression,500000.0,645094.0739582344
Linear Regression,420000.0,717904.0880222274
Linear Regression,568000.0,358151.3926311173
Linear Regression,481287.0,610113.0863247124
Linear Regression,422300.0,528260.7103443971
Linear Regression,375000.0,526111.3890084379
Linear Regression,1073250.0,529045.0398671142
Linear Regression,199000.0,258513.77548911533
Linear Regression,357500.0,384542.26787260914
Linear Regression,650000.0,528559.7967678596
Linear Regression,296800.0,383227.189849887
Linear Regression,669000.0,639304.6026443759
Linear Regression,411000.0,411978.546871165
Linear Regression,380000.0,895467.867429822
Linear Regression,53000.0,134678.09324974235
Linear Regression,130000.0,136621.9350582909
Linear Regression,340000.0,690987.9615958084
Linear Regression,237500.0,269560.50231125805
Linear Regression,392500.0,915417.5280235253
Linear Regression,276800.0,238958.88341768517
Linear Regression,260000.0,527480.8437241209
Linear Regression,410000.0,684574.8911000867
Linear Regression,300000.0,358686.0091462061
Linear Regression,375000.0,466934.6383283561
Linear Regression,288800.0,259390.78497700082
Linear Regression,1050000.0,573934.25277661
Linear Regression,872000.0,639550.8838460266
Linear Regression,675000.0,1392253.5997330183
Linear Regression,356500.0,273124.631210239
Linear Regression,360000.0,526758.8050857688
Linear Regression,377500.0,399605.4485917784
Linear Regression,485000.0,526522.2438976794
Linear Regression,380000.0,273659.2961131597
Linear Regression,850000.0,887217.98480897
Linear Regression,628888.0,357503.85937828233
Linear Regression,78000.0,-161435.7279867647
Linear Regression,334500.0,359171.3694209646
Linear Regression,839000.0,522049.5288656926
Linear Regression,400000.0,547807.1128899377
Linear Regression,527500.0,518557.1372212803
Linear Regression,300000.0,795408.606619206
Linear Regression,350000.0,359023.6006999741
Linear Regression,210000.0,240879.8767905612
Linear Regression,550000.0,684624.1473404169
Linear Regression,80000.0,409712.7598159779
Linear Regression,179800.0,345174.3937941942
Linear Regression,325000.0,609864.4044135473
Linear Regression,480000.0,527040.0554461678
Linear Regression,500000.0,475717.8646290965
Linear Regression,204500.0,-21533.060814160388
Linear Regression,256500.0,234500.3333681331
Linear Regression,618000.0,417758.41534696624
Linear Regression,448800.0,286360.80034255487
Linear Regression,200000.0,240584.33934858028
Linear Regression,310000.0,242314.79230055137
Linear Regression,250000.0,548767.460709305
Linear Regression,398800.0,473601.71885105874
Linear Regression,1075000.0,643881.8736260952
Linear Regression,408000.0,690891.8498246623
Linear Regression,215000.0,355252.23907228524
Linear Regression,828000.0,642366.933723432
Linear Regression,430000.0,522328.26134107326
Linear Regression,374160.0,610307.7105765187
Linear Regression,400000.0,776302.4446002869
Linear Regression,145000.0,255499.54199091857
Linear Regression,330000.0,640396.6841102259
Linear Regression,270000.0,347046.1309267401
Linear Regression,180000.0,257728.07635334716
Linear Regression,915000.0,643248.7446303461
Linear Regression,1200000.0,656430.8989240064
Linear Regression,480000.0,475082.33492383314
Linear Regression,314500.0,300615.12791837665
Linear Regression,913800.0,660299.3249471369
Linear Regression,487500.0,781702.6674105328
Linear Regression,528900.0,681217.0225790497
Linear Regression,300000.0,610072.6024537333
Linear Regression,300000.0,414112.2115124912
Linear Regression,588800.0,265669.2593251758
Linear Regression,445000.0,416073.10794979485
Linear Regression,308000.0,296478.76239011437
Linear Regression,462500.0,775474.6913527315
Linear Regression,350000.0,526709.5488454388
Linear Regression,700000.0,528946.5273864538
Linear Regression,435000.0,684237.2995463187
Linear Regression,267000.0,719984.8536636655
Linear Regression,553200.0,462128.6061306509
Linear Regression,120000.0,-160198.1226253601
Linear Regression,835000.0,561070.0453359474
Linear Regression,590000.0,526364.7551631276
Linear Regression,75000.0,218608.92794005765
Linear Regression,338888.0,400051.1554642641
Linear Regression,300000.0,262556.3867304649
Linear Regression,705000.0,831231.0686740563
Linear Regression,230000.0,437858.52239137556
Linear Regression,237500.0,243849.17538722503
Linear Regression,500000.0,607485.1358136506
Linear Regression,419444.0,523634.17273484415
Linear Regression,702500.0,638228.1674856554
Linear Regression,650000.0,887168.7285686398
Linear Regression,245000.0,373821.5652657689
Linear Regression,3200728.0,889193.0358412049
Linear Regression,295000.0,527204.6291337586
Linear Regression,1770000.0,945094.7811740058
Linear Regression,600000.0,645291.0989195551
Linear Regression,400000.0,525785.6838267373
Linear Regression,300000.0,212507.49440084305
Linear Regression,250000.0,214953.12126752536
Linear Regression,280000.0,232982.9927559556
Linear Regression,776900.0,651757.5161711411
Linear Regression,85000.0,257774.931884163
Linear Regression,388000.0,575581.5863143231
Linear Regression,250000.0,428995.04064704216
Linear Regression,1068000.0,820608.0917046359
Linear Regression,530000.0,473116.8867296557
Linear Regression,341500.0,481805.44093275984
Linear Regression,185000.0,132714.9285895751
Linear Regression,618800.0,234518.53626885545
Linear Regression,100000.0,525551.5233481623
Linear Regression,340000.0,475087.1363428618
Linear Regression,398000.0,295382.3361663744
Linear Regression,450000.0,479664.4073245812
Linear Regression,200000.0,244688.85694033487
Linear Regression,267500.0,400295.03595640056
Linear Regression,383000.0,235688.68248920748
Linear Regression,385000.0,413779.42137775174
Linear Regression,400000.0,272779.8859157599
Linear Regression,1120000.0,639182.0830685722
Linear Regression,2330000.0,1238040.3470635756
Linear Regression,530000.0,1098040.342298634
Linear Regression,467500.0,775962.4523370045
Linear Regression,204000.0,232440.17133693158
Linear Regression,637500.0,357905.1114294665
Linear Regression,495000.0,938073.9038518934
Linear Regression,200000.0,234757.6153419632
Linear Regression,382500.0,347290.0114188766
Linear Regression,470000.0,-216881.13761709788
Linear Regression,300000.0,357855.85518913635
Linear Regression,435800.0,345962.4936394767
Linear Regression,266500.0,300615.12791837665
Linear Regression,499800.0,348221.24747701135
Linear Regression,655000.0,645241.8426792249
Linear Regression,468800.0,259440.04121733096
Linear Regression,280000.0,524617.9383158997
Linear Regression,350000.0,635097.5640942161
Linear Regression,435000.0,525834.9400670675
Linear Regression,380000.0,356525.9367002222
Linear Regression,395000.0,467218.17222276534
Linear Regression,380000.0,388291.7856067731
Linear Regression,400000.0,635068.5659759825
Linear Regression,362000.0,234614.64804000146
Linear Regression,250000.0,684824.1082732754
Linear Regression,380000.0,274630.0166626768
Linear Regression,468880.0,300368.84671672585
Linear Regression,435000.0,268723.14622564544
Linear Regression,360000.0,186702.15917809692
Linear Regression,200000.0,182129.68961540627
Linear Regression,260000.0,295311.0168792766
Linear Regression,420000.0,645340.3551598853
Linear Regression,110000.0,214906.26573670958
Linear Regression,1130000.0,766465.7722107077
Linear Regression,688800.0,797307.9936064531
Linear Regression,450400.0,590355.2727172426
Linear Regression,4045824.0,1095559.4832654824
Linear Regression,560000.0,524563.8806565409
Linear Regression,1890000.0,610156.5935018036
Linear Regression,850000.0,529150.8716518214
Linear Regression,300000.0,357518.2636353683
Linear Regression,369900.0,554028.1714411504
Linear Regression,145000.0,120753.33624956617
Linear Regression,1700000.0,942794.6279557553
Linear Regression,430000.0,794728.6220926412
Linear Regression,305000.0,258760.05669076613
Linear Regression,300000.0,526660.2926051086
Linear Regression,320000.0,235343.8888068964
Linear Regression,310000.0,604946.3106998393
Linear Regression,575000.0,611418.9977184833
Linear Regression,410000.0,193153.3473051276
Linear Regression,360000.0,683146.4601305122
Linear Regression,450000.0,638868.4986099475
Decision Tree,375000.0,294218.75
Decision Tree,340000.0,286090.4214559387
Decision Tree,439928.0,574011.3928571428
Decision Tree,170000.0,179555.55555555556
Decision Tree,375000.0,292250.0
Decision Tree,340000.0,342222.22222222225
Decision Tree,215000.0,286090.4214559387
Decision Tree,375000.0,519680.0
Decision Tree,425000.0,451500.0
Decision Tree,378800.0,343574.6896551724
Decision Tree,210000.0,369257.7450980392
Decision Tree,618744.0,1026250.0
Decision Tree,460000.0,286090.4214559387
Decision Tree,394000.0,1145400.0
Decision Tree,320000.0,286090.4214559387
Decision Tree,717500.0,1968798.5
Decision Tree,279000.0,343574.6896551724
Decision Tree,380000.0,362357.14285714284
Decision Tree,335000.0,418936.5512820513
Decision Tree,468000.0,418936.5512820513
Decision Tree,810000.0,380398.07692307694
Decision Tree,550000.0,369257.7450980392
Decision Tree,35000.0,294218.75
Decision Tree,549900.0,653100.5223880596
Decision Tree,700888.0,343574.6896551724
Decision Tree,289000.0,568800.0
Decision Tree,379000.0,380398.07692307694
Decision Tree,285000.0,343574.6896551724
Decision Tree,488000.0,418936.5512820513
Decision Tree,498000.0,568800.0
Decision Tree,460000.0,653100.5223880596
Decision Tree,53000.0,343574.6896551724
Decision Tree,410000.0,653100.5223880596
Decision Tree,300000.0,369257.7450980392
Decision Tree,825000.0,653100.5223880596
Decision Tree,332500.0,488300.60975609755
Decision Tree,1482000.0,1390000.0
Decision Tree,1498800.0,574011.3928571428
Decision Tree,442500.0,1172500.0
Decision Tree,240000.0,382422.22222222225
Decision Tree,223300.0,286090.4214559387
Decision Tree,248000.0,286090.4214559387
Decision Tree,401900.0,479009.4
Decision Tree,271000.0,428692.3076923077
Decision Tree,220000.0,211900.0
Decision Tree,490000.0,369257.7450980392
Decision Tree,595000.0,528851.3333333334
Decision Tree,613000.0,360633.3333333333
Decision Tree,640000.0,639829.4117647059
Decision Tree,436440.0,570726.8292682926
Decision Tree,707000.0,232915.0
Decision Tree,435000.0,570726.8292682926
Decision Tree,445000.0,653100.5223880596
Decision Tree,520000.0,697500.0
Decision Tree,250000.0,369257.7450980392
Decision Tree,688000.0,418936.5512820513
Decision Tree,240000.0,232915.0
Decision Tree,260000.0,478571.4285714286
Decision Tree,364000.0,369257.7450980392
Decision Tree,200000.0,419732.6923076923
Decision Tree,760000.0,2020000.0
Decision Tree,80000.0,570726.8292682926
Decision Tree,130000.0,178750.0
Decision Tree,160000.0,179555.55555555556
Decision Tree,385000.0,418936.5512820513
Decision Tree,235789.0,343574.6896551724
Decision Tree,620000.0,519680.0
Decision Tree,550000.0,411700.0
Decision Tree,280000.0,369257.7450980392
Decision Tree,138000.0,166277.77777777778
Decision Tree,527680.0,380398.07692307694
Decision Tree,1365000.0,654530.5555555555
Decision Tree,1300000.0,1968798.5
Decision Tree,2800000.0,2502200.0
Decision Tree,349350.0,570726.8292682926
Decision Tree,380000.0,380398.07692307694
Decision Tree,887800.0,653100.5223880596
Decision Tree,408000.0,286090.4214559387
Decision Tree,390000.0,363428.5714285714
Decision Tree,220000.0,343574.6896551724
Decision Tree,414973.0,488300.60975609755
Decision Tree,770000.0,380398.07692307694
Decision Tree,120700.0,286090.4214559387
Decision Tree,308000.0,286090.4214559387
Decision Tree,505000.0,574011.3928571428
Decision Tree,620000.0,653100.5223880596
Decision Tree,530000.0,653100.5223880596
Decision Tree,190000.0,343574.6896551724
Decision Tree,368800.0,286090.4214559387
Decision Tree,408900.0,286090.4214559387
Decision Tree,260000.0,343574.6896551724
Decision Tree,400000.0,1968798.5
Decision Tree,866000.0,653100.5223880596
Decision Tree,119000.0,100500.0
Decision Tree,265000.0,286090.4214559387
Decision Tree,320000.0,568800.0
Decision Tree,297000.0,286090.4214559387
Decision Tree,90000.0,378882.75
Decision Tree,1453150.0,1390000.0
Decision Tree,350000.0,519680.0
Decision Tree,855000.0,2020000.0
Decision Tree,760000.0,574011.3928571428
Decision Tree,600000.0,653100.5223880596
Decision Tree,300000.0,286090.4214559387
Decision Tree,445000.0,418936.5512820513
Decision Tree,420000.0,574011.3928571428
Decision Tree,375000.0,632666.75
Decision Tree,350260.0,369257.7450980392
Decision Tree,1415000.0,653100.5223880596
Decision Tree,220000.0,342500.0
Decision Tree,520000.0,418936.5512820513
Decision Tree,460000.0,758500.0
Decision Tree,230000.0,211000.0
Decision Tree,600000.0,653100.5223880596
Decision Tree,413000.0,286090.4214559387
Decision Tree,138000.0,314388.8888888889
Decision Tree,310000.0,286090.4214559387
Decision Tree,450000.0,653100.5223880596
Decision Tree,365000.0,286090.4214559387
Decision Tree,460000.0,870055.5555555555
Decision Tree,450000.0,419732.6923076923
Decision Tree,795000.0,639829.4117647059
Decision Tree,380000.0,504166.6666666667
Decision Tree,630000.0,418936.5512820513
Decision Tree,475000.0,653100.5223880596
Decision Tree,235000.0,369257.7450980392
Decision Tree,269100.0,286090.4214559387
Decision Tree,332500.0,286090.4214559387
Decision Tree,397083.0,343574.6896551724
Decision Tree,210000.0,211900.0
Decision Tree,274850.0,286090.4214559387
Decision Tree,80000.0,247166.66666666666
Decision Tree,315000.0,378882.75
Decision Tree,205000.0,286090.4214559387
Decision Tree,245000.0,286090.4214559387
Decision Tree,234000.0,419732.6923076923
Decision Tree,370000.0,583500.0
Decision Tree,250000.0,574011.3928571428
Decision Tree,380000.0,924706.4444444445
Decision Tree,140000.0,286090.4214559387
Decision Tree,250000.0,286090.4214559387
Decision Tree,330000.0,216250.0
Decision Tree,398800.0,286090.4214559387
Decision Tree,840000.0,451500.0
Decision Tree,550000.0,488300.60975609755
Decision Tree,909000.0,639829.4117647059
Decision Tree,440000.0,570726.8292682926
Decision Tree,590000.0,653100.5223880596
Decision Tree,380000.0,418936.5512820513
Decision Tree,380000.0,286090.4214559387
Decision Tree,499600.0,2608938.888888889
Decision Tree,1300000.0,574011.3928571428
Decision Tree,775000.0,653100.5223880596
Decision Tree,310000.0,286090.4214559387
Decision Tree,380000.0,369257.7450980392
Decision Tree,615000.0,653100.5223880596
Decision Tree,335000.0,1145400.0
Decision Tree,300000.0,380398.07692307694
Decision Tree,372500.0,1823900.0
Decision Tree,522000.0,343574.6896551724
Decision Tree,589000.0,924706.4444444445
Decision Tree,200000.0,72700.0
Decision Tree,559444.0,343574.6896551724
Decision Tree,869000.0,639829.4117647059
Decision Tree,350000.0,369257.7450980392
Decision Tree,280000.0,269200.0
Decision Tree,470000.0,419732.6923076923
Decision Tree,288000.0,286090.4214559387
Decision Tree,300000.0,247875.0
Decision Tree,1600000.0,1108875.0
Decision Tree,170000.0,292250.0
Decision Tree,685000.0,382422.22222222225
Decision Tree,80000.0,343574.6896551724
Decision Tree,380000.0,380398.07692307694
Decision Tree,680000.0,363428.5714285714
Decision Tree,265000.0,322500.0
Decision Tree,577150.0,663863.3333333334
Decision Tree,275000.0,286090.4214559387
Decision Tree,526500.0,442591.1111111111
Decision Tree,748000.0,653100.5223880596
Decision Tree,895000.0,418936.5512820513
Decision Tree,450000.0,653100.5223880596
Decision Tree,789000.0,1172500.0
Decision Tree,1260000.0,382422.22222222225
Decision Tree,470000.0,286090.4214559387
Decision Tree,335000.0,378882.75
Decision Tree,625000.0,663863.3333333334
Decision Tree,310000.0,488300.60975609755
Decision Tree,270000.0,247166.66666666666
Decision Tree,1060888.0,653100.5223880596
Decision Tree,163000.0,286090.4214559387
Decision Tree,300000.0,343574.6896551724
Decision Tree,378000.0,327687.5
Decision Tree,200000.0,131833.33333333334
Decision Tree,1103000.0,479009.4
Decision Tree,310000.0,568800.0
Decision Tree,1450000.0,574011.3928571428
Decision Tree,292500.0,286090.4214559387
Decision Tree,200000.0,286090.4214559387
Decision Tree,885000.0,653100.5223880596
Decision Tree,170000.0,178750.0
Decision Tree,452000.0,653100.5223880596
Decision Tree,440000.0,519680.0
Decision Tree,220000.0,654530.5555555555
Decision Tree,504000.0,890742.8571428572
Decision Tree,745000.0,653100.5223880596
Decision Tree,80000.0,570726.8292682926
Decision Tree,360000.0,418936.5512820513
Decision Tree,230435.0,286090.4214559387
Decision Tree,290000.0,279857.14285714284
Decision Tree,275000.0,286090.4214559387
Decision Tree,132500.0,99200.0
Decision Tree,268000.0,286090.4214559387
Decision Tree,1350000.0,963551.6666666666
Decision Tree,942450.0,428692.3076923077
Decision Tree,400000.0,428692.3076923077
Decision Tree,380000.0,570726.8292682926
Decision Tree,181500.0,286090.4214559387
Decision Tree,480000.0,771950.0
Decision Tree,405900.0,286090.4214559387
Decision Tree,211500.0,286090.4214559387
Decision Tree,500000.0,653100.5223880596
Decision Tree,420000.0,639829.4117647059
Decision Tree,568000.0,343574.6896551724
Decision Tree,481287.0,568800.0
Decision Tree,422300.0,369257.7450980392
Decision Tree,375000.0,570726.8292682926
Decision Tree,1073250.0,654530.5555555555
Decision Tree,199000.0,286090.4214559387
Decision Tree,357500.0,342222.22222222225
Decision Tree,650000.0,418936.5512820513
Decision Tree,296800.0,378882.75
Decision Tree,669000.0,653100.5223880596
Decision Tree,411000.0,418936.5512820513
Decision Tree,380000.0,314388.8888888889
Decision Tree,53000.0,131833.33333333334
Decision Tree,130000.0,131833.33333333334
Decision Tree,340000.0,442591.1111111111
Decision Tree,237500.0,378882.75
Decision Tree,392500.0,478571.4285714286
Decision Tree,276800.0,286090.4214559387
Decision Tree,260000.0,574011.3928571428
Decision Tree,410000.0,418936.5512820513
Decision Tree,300000.0,343574.6896551724
Decision Tree,375000.0,286090.4214559387
Decision Tree,288800.0,286090.4214559387
Decision Tree,1050000.0,963551.6666666666
Decision Tree,872000.0,653100.5223880596
Decision Tree,675000.0,2183250.0
Decision Tree,356500.0,343574.6896551724
Decision Tree,360000.0,488300.60975609755
Decision Tree,377500.0,419732.6923076923
Decision Tree,485000.0,418936.5512820513
Decision Tree,380000.0,393833.3333333333
Decision Tree,850000.0,870055.5555555555
Decision Tree,628888.0,343574.6896551724
Decision Tree,78000.0,113750.0
Decision Tree,334500.0,343574.6896551724
Decision Tree,839000.0,570726.8292682926
Decision Tree,400000.0,369257.7450980392
Decision Tree,527500.0,570726.8292682926
Decision Tree,300000.0,257500.0
Decision Tree,350000.0,343574.6896551724
Decision Tree,210000.0,286090.4214559387
Decision Tree,550000.0,418936.5512820513
Decision Tree,80000.0,570726.8292682926
Decision Tree,179800.0,286090.4214559387
Decision Tree,325000.0,568800.0
Decision Tree,480000.0,380398.07692307694
Decision Tree,500000.0,574011.3928571428
Decision Tree,204500.0,286090.4214559387
Decision Tree,256500.0,286090.4214559387
Decision Tree,618000.0,924706.4444444445
Decision Tree,448800.0,286090.4214559387
Decision Tree,200000.0,286090.4214559387
Decision Tree,310000.0,327687.5
Decision Tree,250000.0,454500.0
Decision Tree,398800.0,286090.4214559387
Decision Tree,1075000.0,653100.5223880596
Decision Tree,408000.0,442591.1111111111
Decision Tree,215000.0,327687.5
Decision Tree,828000.0,653100.5223880596
Decision Tree,430000.0,570726.8292682926
Decision Tree,374160.0,568800.0
Decision Tree,400000.0,361261.1111111111
Decision Tree,145000.0,286090.4214559387
Decision Tree,330000.0,653100.5223880596
Decision Tree,270000.0,286090.4214559387
Decision Tree,180000.0,286090.4214559387
Decision Tree,915000.0,653100.5223880596
Decision Tree,1200000.0,963551.6666666666
Decision Tree,480000.0,574011.3928571428
Decision Tree,314500.0,286090.4214559387
Decision Tree,913800.0,996577.5
Decision Tree,487500.0,504166.6666666667
Decision Tree,528900.0,418936.5512820513
Decision Tree,300000.0,418936.5512820513
Decision Tree,300000.0,418936.5512820513
Decision Tree,588800.0,295720.0
Decision Tree,445000.0,369257.7450980392
Decision Tree,308000.0,286090.4214559387
Decision Tree,462500.0,361261.1111111111
Decision Tree,350000.0,488300.60975609755
Decision Tree,700000.0,654530.5555555555
Decision Tree,435000.0,418936.5512820513
Decision Tree,267000.0,1172500.0
Decision Tree,553200.0,428575.0
Decision Tree,120000.0,100500.0
Decision Tree,835000.0,2020000.0
Decision Tree,590000.0,574011.3928571428
Decision Tree,75000.0,131833.33333333334
Decision Tree,338888.0,247166.66666666666
Decision Tree,300000.0,286090.4214559387
Decision Tree,705000.0,736000.0
Decision Tree,230000.0,479009.4
Decision Tree,237500.0,343574.6896551724
Decision Tree,500000.0,418936.5512820513
Decision Tree,419444.0,570726.8292682926
Decision Tree,702500.0,653100.5223880596
Decision Tree,650000.0,870055.5555555555
Decision Tree,245000.0,286090.4214559387
Decision Tree,3200728.0,870055.5555555555
Decision Tree,295000.0,418936.5512820513
Decision Tree,1770000.0,697500.0
Decision Tree,600000.0,653100.5223880596
Decision Tree,400000.0,488300.60975609755
Decision Tree,300000.0,286090.4214559387
Decision Tree,250000.0,259250.0
Decision Tree,280000.0,286090.4214559387
Decision Tree,776900.0,636512.8571428572
Decision Tree,85000.0,286090.4214559387
Decision Tree,388000.0,428692.3076923077
Decision Tree,250000.0,369257.7450980392
Decision Tree,1068000.0,760025.0
Decision Tree,530000.0,454500.0
Decision Tree,341500.0,369257.7450980392
Decision Tree,185000.0,176875.0
Decision Tree,618800.0,286090.4214559387
Decision Tree,100000.0,418936.5512820513
Decision Tree,340000.0,574011.3928571428
Decision Tree,398000.0,469060.0
Decision Tree,450000.0,654530.5555555555
Decision Tree,200000.0,166277.77777777778
Decision Tree,267500.0,419732.6923076923
Decision Tree,383000.0,286090.4214559387
Decision Tree,385000.0,418936.5512820513
Decision Tree,400000.0,294218.75
Decision Tree,1120000.0,653100.5223880596
Decision Tree,2330000.0,1823900.0
Decision Tree,530000.0,2608938.888888889
Decision Tree,467500.0,361261.1111111111
Decision Tree,204000.0,286090.4214559387
Decision Tree,637500.0,343574.6896551724
Decision Tree,495000.0,1362975.0
Decision Tree,200000.0,286090.4214559387
Decision Tree,382500.0,286090.4214559387
Decision Tree,470000.0,286090.4214559387
Decision Tree,300000.0,343574.6896551724
Decision Tree,435800.0,286090.4214559387
Decision Tree,266500.0,286090.4214559387
Decision Tree,499800.0,323780.0
Decision Tree,655000.0,653100.5223880596
Decision Tree,468800.0,286090.4214559387
Decision Tree,280000.0,488300.60975609755
Decision Tree,350000.0,442591.1111111111
Decision Tree,435000.0,488300.60975609755
Decision Tree,380000.0,343574.6896551724
Decision Tree,395000.0,286090.4214559387
Decision Tree,380000.0,362357.14285714284
Decision Tree,400000.0,653100.5223880596
Decision Tree,362000.0,286090.4214559387
Decision Tree,250000.0,314388.8888888889
Decision Tree,380000.0,393833.3333333333
Decision Tree,468880.0,286090.4214559387
Decision Tree,435000.0,378882.75
Decision Tree,360000.0,286090.4214559387
Decision Tree,200000.0,286090.4214559387
Decision Tree,260000.0,286090.4214559387
Decision Tree,420000.0,653100.5223880596
Decision Tree,110000.0,100500.0
Decision Tree,1130000.0,2020000.0
Decision Tree,688800.0,411700.0
Decision Tree,450400.0,653100.5223880596
Decision Tree,4045824.0,2608938.888888889
Decision Tree,560000.0,574011.3928571428
Decision Tree,1890000.0,780500.0
Decision Tree,850000.0,418936.5512820513
Decision Tree,300000.0,343574.6896551724
Decision Tree,369900.0,369257.7450980392
Decision Tree,145000.0,286090.4214559387
Decision Tree,1700000.0,1108875.0
Decision Tree,430000.0,257500.0
Decision Tree,305000.0,286090.4214559387
Decision Tree,300000.0,488300.60975609755
Decision Tree,320000.0,286090.4214559387
Decision Tree,310000.0,380398.07692307694
Decision Tree,575000.0,519680.0
Decision Tree,410000.0,322500.0
Decision Tree,360000.0,380398.07692307694
Decision Tree,450000.0,653100.5223880596
Random Forest,375000.0,289119.99848257663
Random Forest,340000.0,259890.10021301964
Random Forest,439928.0,703627.3589852896
Random Forest,170000.0,163881.17951974488
Random Forest,375000.0,322846.3774700517
Random Forest,340000.0,306405.3760140171
Random Forest,215000.0,240653.22372536064
Random Forest,375000.0,466256.92967066617
Random Forest,425000.0,440025.17347087525
Random Forest,378800.0,373660.3269092991
Random Forest,210000.0,320678.03715252836
Random Forest,618744.0,610907.031622157
Random Forest,460000.0,273336.54567149584
Random Forest,394000.0,854577.6730039414
Random Forest,320000.0,285017.26592802664
Random Forest,717500.0,1739038.3727740601
Random Forest,279000.0,286302.69482133293
Random Forest,380000.0,313934.40892998624
Random Forest,335000.0,535592.9668067149
Random Forest,468000.0,450483.0819921097
Random Forest,810000.0,422758.86467446585
Random Forest,550000.0,415787.76750842354
Random Forest,35000.0,337469.70486699836
Random Forest,549900.0,509301.23058828386
Random Forest,700888.0,406168.38208406506
Random Forest,289000.0,650148.9889784806
Random Forest,379000.0,374485.941013568
Random Forest,285000.0,368149.7920589702
Random Forest,488000.0,480217.0038132499
Random Forest,498000.0,634399.1923982725
Random Forest,460000.0,654334.0818366853
Random Forest,53000.0,241129.4525193146
Random Forest,410000.0,547339.9456302958
Random Forest,300000.0,336072.61563983624
Random Forest,825000.0,867251.3380690498
Random Forest,332500.0,475648.4408936259
Random Forest,1482000.0,1455974.757538663
Random Forest,1498800.0,560309.6388175878
Random Forest,442500.0,935579.710746166
Random Forest,240000.0,452453.509940404
Random Forest,223300.0,265074.7683873189
Random Forest,248000.0,363085.95373705856
Random Forest,401900.0,440961.2179703199
Random Forest,271000.0,471964.51388046285
Random Forest,220000.0,235276.79978486712
Random Forest,490000.0,305949.58193520893
Random Forest,595000.0,552104.5136868311
Random Forest,613000.0,468393.9055957631
Random Forest,640000.0,668468.2437074084
Random Forest,436440.0,596324.4067911606
Random Forest,707000.0,692904.952538205
Random Forest,435000.0,528409.8068563237
Random Forest,445000.0,611838.1263421358
Random Forest,520000.0,635413.3145490952
Random Forest,250000.0,370664.5637793271
Random Forest,688000.0,561903.0790515267
Random Forest,240000.0,588783.7778289426
Random Forest,260000.0,437620.94471612165
Random Forest,364000.0,389054.87810302444
Random Forest,200000.0,354231.62566757086
Random Forest,760000.0,922107.436356588
Random Forest,80000.0,507848.0626237457
Random Forest,130000.0,170524.50488876604
Random Forest,160000.0,154469.74434198704
Random Forest,385000.0,386021.78463642934
Random Forest,235789.0,491746.73391800123
Random Forest,620000.0,629526.7658668791
Random Forest,550000.0,510146.5668381708
Random Forest,280000.0,342475.2448405642
Random Forest,138000.0,175400.33371614775
Random Forest,527680.0,445018.18543704425
Random Forest,1365000.0,674998.8982252829
Random Forest,1300000.0,1767411.153921838
Random Forest,2800000.0,1629670.2817577212
Random Forest,349350.0,521474.92972267815
Random Forest,380000.0,720257.7218008658
Random Forest,887800.0,705961.2181347449
Random Forest,408000.0,263332.4758160253
Random Forest,390000.0,561413.1677831757
Random Forest,220000.0,281993.76086947555
Random Forest,414973.0,513819.67806375516
Random Forest,770000.0,513165.72207879525
Random Forest,120700.0,351919.03351005894
Random Forest,308000.0,275400.44519107393
Random Forest,505000.0,569261.6948563857
Random Forest,620000.0,588900.3987138675
Random Forest,530000.0,665708.6277158154
Random Forest,190000.0,388932.6239423775
Random Forest,368800.0,369283.18045686994
Random Forest,408900.0,275480.17624329845
Random Forest,260000.0,294955.6555946862
Random Forest,400000.0,1832779.010553171
Random Forest,866000.0,588900.3987138675
Random Forest,119000.0,132437.1675681344
Random Forest,265000.0,299377.8614713597
Random Forest,320000.0,640993.5274909284
Random Forest,297000.0,289374.2669436445
Random Forest,90000.0,349399.5290156178
Random Forest,1453150.0,1495783.418367533
Random Forest,350000.0,466256.92967066617
Random Forest,855000.0,995037.8660094943
Random Forest,760000.0,532926.6438727309
Random Forest,600000.0,816632.8867767602
Random Forest,300000.0,311334.9999731879
Random Forest,445000.0,349594.88072454213
Random Forest,420000.0,598304.6255799928
Random Forest,375000.0,487145.3062679898
Random Forest,350260.0,313150.1271598349
Random Forest,1415000.0,724145.0715025757
Random Forest,220000.0,333341.8624442079
Random Forest,520000.0,321426.86011078174
Random Forest,460000.0,809341.2457285092
Random Forest,230000.0,182647.63507219602
Random Forest,600000.0,757887.3104780754
Random Forest,413000.0,281360.1181921098
Random Forest,138000.0,320290.91880911053
Random Forest,310000.0,261053.25208517193
Random Forest,450000.0,609927.2828546398
Random Forest,365000.0,282609.9191282814
Random Forest,460000.0,976372.8047094005
Random Forest,450000.0,404751.0034110132
Random Forest,795000.0,684100.4681939755
Random Forest,380000.0,449990.88174964854
Random Forest,630000.0,480217.0038132499
Random Forest,475000.0,611838.1263421358
Random Forest,235000.0,343713.6126034339
Random Forest,269100.0,337756.30974732357
Random Forest,332500.0,256639.89401223356
Random Forest,397083.0,291470.55207611364
Random Forest,210000.0,220723.48013175337
Random Forest,274850.0,317547.0193558279
Random Forest,80000.0,312161.35111202905
Random Forest,315000.0,349325.3469026899
Random Forest,205000.0,222044.69703461792
Random Forest,245000.0,277693.4885886703
Random Forest,234000.0,437922.8165911857
Random Forest,370000.0,537646.527777645
Random Forest,250000.0,503369.05106521747
Random Forest,380000.0,390124.27684712975
Random Forest,140000.0,241400.18063433305
Random Forest,250000.0,234904.96381851926
Random Forest,330000.0,291649.8550737918
Random Forest,398800.0,357123.52759003156
Random Forest,840000.0,514050.2159748893
Random Forest,550000.0,526856.1807744968
Random Forest,909000.0,705997.1067918157
Random Forest,440000.0,656149.2724652529
Random Forest,590000.0,757887.3104780754
Random Forest,380000.0,390295.64568303607
Random Forest,380000.0,346698.4784727767
Random Forest,499600.0,2409444.459349823
Random Forest,1300000.0,624693.1527835663
Random Forest,775000.0,707106.1473820776
Random Forest,310000.0,245105.41651591175
Random Forest,380000.0,447398.1511031455
Random Forest,615000.0,572059.0076822487
Random Forest,335000.0,611765.3350956463
Random Forest,300000.0,380373.09868731303
Random Forest,372500.0,1239416.269008617
Random Forest,522000.0,459138.286630308
Random Forest,589000.0,726208.7276044602
Random Forest,200000.0,108355.26939170789
Random Forest,559444.0,386671.14487175323
Random Forest,869000.0,773259.4811014737
Random Forest,350000.0,396918.1642238848
Random Forest,280000.0,293602.2492823581
Random Forest,470000.0,404751.0034110132
Random Forest,288000.0,233785.60148709957
Random Forest,300000.0,267027.4146643274
Random Forest,1600000.0,1194662.2214760806
Random Forest,170000.0,335268.0501243039
Random Forest,685000.0,553736.1186968738
Random Forest,80000.0,422978.3259360534
Random Forest,380000.0,473917.1857833166
Random Forest,680000.0,555386.0834083956
Random Forest,265000.0,338739.84377037187
Random Forest,577150.0,683858.5791863969
Random Forest,275000.0,312032.74661368993
Random Forest,526500.0,470328.90107675025
Random Forest,748000.0,671419.043313245
Random Forest,895000.0,558866.4867869818
Random Forest,450000.0,656332.6796290978
Random Forest,789000.0,832704.2619327717
Random Forest,1260000.0,509145.52162462217
Random Forest,470000.0,370315.7021947051
Random Forest,335000.0,457401.1449312714
Random Forest,625000.0,636785.94618238
Random Forest,310000.0,500351.74764893216
Random Forest,270000.0,293640.1664331909
Random Forest,1060888.0,681403.9211743601
Random Forest,163000.0,243340.99240372525
Random Forest,300000.0,399632.1579841943
Random Forest,378000.0,298692.4995077088
Random Forest,200000.0,153939.47040355447
Random Forest,1103000.0,443899.8973451469
Random Forest,310000.0,524112.55299351347
Random Forest,1450000.0,647127.6215111641
Random Forest,292500.0,283771.5574031038
Random Forest,200000.0,306399.762633857
Random Forest,885000.0,736896.2013904415
Random Forest,170000.0,170524.50488876604
Random Forest,452000.0,525688.7387201458
Random Forest,440000.0,469831.1438295342
Random Forest,220000.0,590896.5590853567
Random Forest,504000.0,774208.4628874684
Random Forest,745000.0,830856.5134722756
Random Forest,80000.0,430485.85290444014
Random Forest,360000.0,480256.93830140086
Random Forest,230435.0,265589.02453587815
Random Forest,290000.0,392628.22751097876
Random Forest,275000.0,350798.7682157245
Random Forest,132500.0,137514.56102659964
Random Forest,268000.0,267416.3267026882
Random Forest,1350000.0,794163.7379865304
Random Forest,942450.0,535333.4235000613
Random Forest,400000.0,520403.9327636682
Random Forest,380000.0,514958.5769069601
Random Forest,181500.0,270811.4351451707
Random Forest,480000.0,1129193.0047828062
Random Forest,405900.0,255804.22338309197
Random Forest,211500.0,268674.50945434143
Random Forest,500000.0,609927.2828546398
Random Forest,420000.0,705297.8155629269
Random Forest,568000.0,487711.91359955707
Random Forest,481287.0,537973.6457880324
Random Forest,422300.0,383313.39647141536
Random Forest,375000.0,514118.3837210256
Random Forest,1073250.0,621660.2903352978
Random Forest,199000.0,269407.22700884205
Random Forest,357500.0,306340.64858080214
Random Forest,650000.0,433219.38617720606
Random Forest,296800.0,449422.06402074866
Random Forest,669000.0,499166.1444615002
Random Forest,411000.0,387504.11173847265
Random Forest,380000.0,520232.5520966381
Random Forest,53000.0,157032.07823131603
Random Forest,130000.0,155608.78905184937
Random Forest,340000.0,446060.30118273816
Random Forest,237500.0,342630.0725754589
Random Forest,392500.0,674346.9494117358
Random Forest,276800.0,267142.21686001203
Random Forest,260000.0,524693.9490190797
Random Forest,410000.0,435671.63628011686
Random Forest,300000.0,404051.74236928456
Random Forest,375000.0,268044.97058916517
Random Forest,288800.0,287618.5045503002
Random Forest,1050000.0,653972.3059851431
Random Forest,872000.0,480750.720484286
Random Forest,675000.0,702051.6882227894
Random Forest,356500.0,301893.10707056907
Random Forest,360000.0,517714.66873555514
Random Forest,377500.0,328841.18526527943
Random Forest,485000.0,578787.8253652203
Random Forest,380000.0,354397.288519599
Random Forest,850000.0,1151617.0154511444
Random Forest,628888.0,472118.35686240304
Random Forest,78000.0,127257.7913183222
Random Forest,334500.0,373660.3269092991
Random Forest,839000.0,495033.6532548818
Random Forest,400000.0,413050.28360636556
Random Forest,527500.0,542368.1096853785
Random Forest,300000.0,413724.3702343765
Random Forest,350000.0,363162.8390313822
Random Forest,210000.0,255711.4356969318
Random Forest,550000.0,448658.78044475586
Random Forest,80000.0,492087.8106420542
Random Forest,179800.0,285574.97960056085
Random Forest,325000.0,534691.5477761358
Random Forest,480000.0,398361.3067435068
Random Forest,500000.0,562126.4994731786
Random Forest,204500.0,250779.84493389766
Random Forest,256500.0,315416.49367056566
Random Forest,618000.0,608654.174925055
Random Forest,448800.0,289308.5632177271
Random Forest,200000.0,223917.36628860165
Random Forest,310000.0,287024.7145300777
Random Forest,250000.0,509333.4194021388
Random Forest,398800.0,330209.26040817983
Random Forest,1075000.0,798779.2084859206
Random Forest,408000.0,521892.7944638898
Random Forest,215000.0,294254.16711978096
Random Forest,828000.0,753024.3995854001
Random Forest,430000.0,535675.1745138761
Random Forest,374160.0,494981.11692967365
Random Forest,400000.0,431073.63310661126
Random Forest,145000.0,276136.7844483864
Random Forest,330000.0,762249.4063407182
Random Forest,270000.0,338695.79902997817
Random Forest,180000.0,263159.4132609877
Random Forest,915000.0,893478.926458359
Random Forest,1200000.0,731292.201853452
Random Forest,480000.0,575339.4758157036
Random Forest,314500.0,254062.24612970088
Random Forest,913800.0,653179.1989367103
Random Forest,487500.0,434651.71834554116
Random Forest,528900.0,467484.94141740084
Random Forest,300000.0,363214.5080704032
Random Forest,300000.0,417419.9623537133
Random Forest,588800.0,328483.35885984334
Random Forest,445000.0,365184.0723633053
Random Forest,308000.0,254253.4578343388
Random Forest,462500.0,472530.7720231121
Random Forest,350000.0,516092.70866562513
Random Forest,700000.0,667700.3051417781
Random Forest,435000.0,469465.2121075556
Random Forest,267000.0,691841.9062017046
Random Forest,553200.0,563497.2205628589
Random Forest,120000.0,123682.10315051612
Random Forest,835000.0,914447.3291011596
Random Forest,590000.0,627089.0445163947
Random Forest,75000.0,152099.47247691682
Random Forest,338888.0,333693.5786828233
Random Forest,300000.0,311334.9999731879
Random Forest,705000.0,631595.6272481034
Random Forest,230000.0,381202.1939168234
Random Forest,237500.0,267463.209076415
Random Forest,500000.0,462854.19169930945
Random Forest,419444.0,533628.4822433295
Random Forest,702500.0,677375.427055422
Random Forest,650000.0,1151617.0154511444
Random Forest,245000.0,394296.2423403138
Random Forest,3200728.0,976372.8047094005
Random Forest,295000.0,533933.3017243673
Random Forest,1770000.0,528559.2862829436
Random Forest,600000.0,554582.2298780737
Random Forest,400000.0,473466.4975339701
Random Forest,300000.0,254789.29401218265
Random Forest,250000.0,177861.7835765816
Random Forest,280000.0,287935.4535358138
Random Forest,776900.0,560121.1392532692
Random Forest,85000.0,261366.19654282625
Random Forest,388000.0,480451.62495132745
Random Forest,250000.0,357235.27595579723
Random Forest,1068000.0,757534.8470650658
Random Forest,530000.0,497643.968157343
Random Forest,341500.0,464047.3927752287
Random Forest,185000.0,176844.71320346318
Random Forest,618800.0,268817.8203332636
Random Forest,100000.0,386335.59292389965
Random Forest,340000.0,506519.78148779087
Random Forest,398000.0,371032.0706859398
Random Forest,450000.0,531905.0122490644
Random Forest,200000.0,172858.06810708353
Random Forest,267500.0,386586.05292530137
Random Forest,383000.0,288398.54057383875
Random Forest,385000.0,474559.95764442463
Random Forest,400000.0,322827.03121310857
Random Forest,1120000.0,828195.2173823805
Random Forest,2330000.0,1392476.1769818456
Random Forest,530000.0,1626840.7504880275
Random Forest,467500.0,494944.2285171919
Random Forest,204000.0,279743.546841161
Random Forest,637500.0,468560.9805898291
Random Forest,495000.0,1412676.924101077
Random Forest,200000.0,237257.66082722956
Random Forest,382500.0,291389.86988335534
Random Forest,470000.0,264150.4837103768
Random Forest,300000.0,455083.31781758287
Random Forest,435800.0,325225.02230350283
Random Forest,266500.0,254062.24612970088
Random Forest,499800.0,355384.6861879699
Random Forest,655000.0,611838.1263421358
Random Forest,468800.0,290045.0559033657
Random Forest,280000.0,431280.4137939912
Random Forest,350000.0,485953.6907114239
Random Forest,435000.0,508398.70289273164
Random Forest,380000.0,472355.97496344446
Random Forest,395000.0,342953.4295369598
Random Forest,380000.0,294149.28574298817
Random Forest,400000.0,548041.023946063
Random Forest,362000.0,253483.94144303648
Random Forest,250000.0,591580.2040882468
Random Forest,380000.0,391659.5172361183
Random Forest,468880.0,308476.34797163086
Random Forest,435000.0,345149.15800283436
Random Forest,360000.0,230002.05900440394
Random Forest,200000.0,259890.10021301964
Random Forest,260000.0,310260.03151479363
Random Forest,420000.0,588900.3987138675
Random Forest,110000.0,125614.96102236545
Random Forest,1130000.0,1097106.143887363
Random Forest,688800.0,424525.9472534742
Random Forest,450400.0,500534.79915530543
Random Forest,4045824.0,2574548.2670460157
Random Forest,560000.0,511994.3179090952
Random Forest,1890000.0,672596.9093530106
Random Forest,850000.0,333499.2761162531
Random Forest,300000.0,280424.71618707496
Random Forest,369900.0,413142.58966261445
Random Forest,145000.0,251511.19847005542
Random Forest,1700000.0,880435.0199162469
Random Forest,430000.0,436576.1555456877
Random Forest,305000.0,215064.93672082495
Random Forest,300000.0,531671.1972977909
Random Forest,320000.0,256252.26412569548
Random Forest,310000.0,506115.0260254074
Random Forest,575000.0,587203.0441480806
Random Forest,410000.0,362196.6272970247
Random Forest,360000.0,528934.5306387289
Random Forest,450000.0,656332.6796290978
Gradient Boosting,375000.0,273336.5949907129
Gradient Boosting,340000.0,289140.9914275348
Gradient Boosting,439928.0,647677.4938833774
Gradient Boosting,170000.0,200929.79510498917
Gradient Boosting,375000.0,398928.7868145029
Gradient Boosting,340000.0,377120.0238414847
Gradient Boosting,215000.0,315666.87897608074
Gradient Boosting,375000.0,518168.21164085343
Gradient Boosting,425000.0,554541.7232882733
Gradient Boosting,378800.0,447643.98793109006
Gradient Boosting,210000.0,353224.6453533586
Gradient Boosting,618744.0,658842.0266558845
Gradient Boosting,460000.0,333497.93183823803
Gradient Boosting,394000.0,753876.9248905329
Gradient Boosting,320000.0,366077.2268531271
Gradient Boosting,717500.0,1187887.281783871
Gradient Boosting,279000.0,393670.7359985452
Gradient Boosting,380000.0,365683.5417782701
Gradient Boosting,335000.0,509013.0991881058
Gradient Boosting,468000.0,539282.6207459267
Gradient Boosting,810000.0,509013.0991881058
Gradient Boosting,550000.0,400608.02209989267
Gradient Boosting,35000.0,345242.90241676965
Gradient Boosting,549900.0,546267.0609759948
Gradient Boosting,700888.0,413518.7738144405
Gradient Boosting,289000.0,533295.7137056952
Gradient Boosting,379000.0,509013.0991881058
Gradient Boosting,285000.0,413518.7738144405
Gradient Boosting,488000.0,475767.854151873
Gradient Boosting,498000.0,472632.20680549083
Gradient Boosting,460000.0,579512.3060122274
Gradient Boosting,53000.0,202120.8884906949
Gradient Boosting,410000.0,579512.3060122274
Gradient Boosting,300000.0,360360.288302071
Gradient Boosting,825000.0,546267.0609759948
Gradient Boosting,332500.0,509880.0860228143
Gradient Boosting,1482000.0,1358685.6679923327
Gradient Boosting,1498800.0,507142.82874699566
Gradient Boosting,442500.0,687129.9904053721
Gradient Boosting,240000.0,381247.24863382697
Gradient Boosting,223300.0,252270.47636144067
Gradient Boosting,248000.0,454809.2848202892
Gradient Boosting,401900.0,472599.72743280325
Gradient Boosting,271000.0,540455.2981829214
Gradient Boosting,220000.0,303535.97333710786
Gradient Boosting,490000.0,350452.8154644364
Gradient Boosting,595000.0,526155.9746054063
Gradient Boosting,613000.0,500101.10131343914
Gradient Boosting,640000.0,664914.0621944477
Gradient Boosting,436440.0,539282.6207459267
Gradient Boosting,707000.0,641611.0050372696
Gradient Boosting,435000.0,526155.9746054063
Gradient Boosting,445000.0,591658.3790790724
Gradient Boosting,520000.0,833160.8564269273
Gradient Boosting,250000.0,342540.9119290729
Gradient Boosting,688000.0,475767.854151873
Gradient Boosting,240000.0,538167.6877014078
Gradient Boosting,260000.0,400473.31973982335
Gradient Boosting,364000.0,628113.6601571512
Gradient Boosting,200000.0,394430.08436293283
Gradient Boosting,760000.0,628279.7003219805
Gradient Boosting,80000.0,474887.8850714562
Gradient Boosting,130000.0,222071.4628264394
Gradient Boosting,160000.0,193656.79641543442
Gradient Boosting,385000.0,475767.854151873
Gradient Boosting,235789.0,436020.99456405075
Gradient Boosting,620000.0,629396.212801967
Gradient Boosting,550000.0,599603.3785613365
Gradient Boosting,280000.0,359294.06872246147
Gradient Boosting,138000.0,163458.31599414014
Gradient Boosting,527680.0,497390.1058210665
Gradient Boosting,1365000.0,519288.90181384084
Gradient Boosting,1300000.0,1237901.6408280751
Gradient Boosting,2800000.0,907480.9174137238
Gradient Boosting,349350.0,474887.8850714562
Gradient Boosting,380000.0,566452.948629649
Gradient Boosting,887800.0,569930.7995713984
Gradient Boosting,408000.0,295102.1171267511
Gradient Boosting,390000.0,534580.4882341145
Gradient Boosting,220000.0,360121.07726856426
Gradient Boosting,414973.0,520737.8273460106
Gradient Boosting,770000.0,539282.6207459267
Gradient Boosting,120700.0,405941.5203472886
Gradient Boosting,308000.0,327167.8031437546
Gradient Boosting,505000.0,507142.82874699566
Gradient Boosting,620000.0,558413.1340428398
Gradient Boosting,530000.0,591465.5748465044
Gradient Boosting,190000.0,368404.1165845484
Gradient Boosting,368800.0,389799.1171039867
Gradient Boosting,408900.0,312895.0490871586
Gradient Boosting,260000.0,454695.7169191005
Gradient Boosting,400000.0,1276189.7584087283
Gradient Boosting,866000.0,558413.1340428398
Gradient Boosting,119000.0,268816.803891328
Gradient Boosting,265000.0,355673.9029873371
Gradient Boosting,320000.0,573733.4434977939
Gradient Boosting,297000.0,346970.53579244466
Gradient Boosting,90000.0,366725.2654740631
Gradient Boosting,1453150.0,1442667.168107219
Gradient Boosting,350000.0,518168.21164085343
Gradient Boosting,855000.0,673390.3172960385
Gradient Boosting,760000.0,507142.82874699566
Gradient Boosting,600000.0,596655.1814295277
Gradient Boosting,300000.0,343985.72740951093
Gradient Boosting,445000.0,509013.0991881058
Gradient Boosting,420000.0,507142.82874699566
Gradient Boosting,375000.0,411905.65786695713
Gradient Boosting,350260.0,350452.8154644364
Gradient Boosting,1415000.0,583520.5753642402
Gradient Boosting,220000.0,379514.52142993157
Gradient Boosting,520000.0,509013.0991881058
Gradient Boosting,460000.0,875434.3906785827
Gradient Boosting,230000.0,213543.0034246992
Gradient Boosting,600000.0,548661.5585644416
Gradient Boosting,413000.0,366077.2268531271
Gradient Boosting,138000.0,333461.2221315833
Gradient Boosting,310000.0,329905.0604195733
Gradient Boosting,450000.0,591658.3790790724
Gradient Boosting,365000.0,363042.1275221019
Gradient Boosting,460000.0,942112.8068369731
Gradient Boosting,450000.0,416463.4675667223
Gradient Boosting,795000.0,662359.799663827
Gradient Boosting,380000.0,542786.2459075341
Gradient Boosting,630000.0,475767.854151873
Gradient Boosting,475000.0,591658.3790790724
Gradient Boosting,235000.0,366589.21281036007
Gradient Boosting,269100.0,405941.5203472886
Gradient Boosting,332500.0,244902.33932019497
Gradient Boosting,397083.0,351235.3411773436
Gradient Boosting,210000.0,303535.97333710786
Gradient Boosting,274850.0,450880.9175907066
Gradient Boosting,80000.0,450880.9175907066
Gradient Boosting,315000.0,381024.58905157854
Gradient Boosting,205000.0,292246.8199350298
Gradient Boosting,245000.0,317604.3378763614
Gradient Boosting,234000.0,394430.08436293283
Gradient Boosting,370000.0,528309.2251160764
Gradient Boosting,250000.0,495456.25600511517
Gradient Boosting,380000.0,292821.64631340816
Gradient Boosting,140000.0,297839.3744025698
Gradient Boosting,250000.0,297839.3744025698
Gradient Boosting,330000.0,377120.0238414847
Gradient Boosting,398800.0,411421.3687731802
Gradient Boosting,840000.0,828210.454913839
Gradient Boosting,550000.0,507142.82874699566
Gradient Boosting,909000.0,664754.2972522739
Gradient Boosting,440000.0,553297.0374773082
Gradient Boosting,590000.0,548661.5585644416
Gradient Boosting,380000.0,475767.854151873
Gradient Boosting,380000.0,405941.5203472886
Gradient Boosting,499600.0,1612782.8011083985
Gradient Boosting,1300000.0,649330.4363294692
Gradient Boosting,775000.0,596655.1814295277
Gradient Boosting,310000.0,297839.3744025698
Gradient Boosting,380000.0,424699.6059207536
Gradient Boosting,615000.0,546267.0609759948
Gradient Boosting,335000.0,602408.8338818493
Gradient Boosting,300000.0,418437.0518436824
Gradient Boosting,372500.0,1122098.0241821061
Gradient Boosting,522000.0,436020.99456405075
Gradient Boosting,589000.0,539282.6207459267
Gradient Boosting,200000.0,231965.52628435852
Gradient Boosting,559444.0,447643.98793109006
Gradient Boosting,869000.0,671893.2638732683
Gradient Boosting,350000.0,417776.7975070974
Gradient Boosting,280000.0,347173.4278650947
Gradient Boosting,470000.0,416463.4675667223
Gradient Boosting,288000.0,331964.58851921937
Gradient Boosting,300000.0,377120.0238414847
Gradient Boosting,1600000.0,1089854.2658288667
Gradient Boosting,170000.0,398928.7868145029
Gradient Boosting,685000.0,588944.8700881306
Gradient Boosting,80000.0,436020.99456405075
Gradient Boosting,380000.0,509013.0991881058
Gradient Boosting,680000.0,567825.7332703472
Gradient Boosting,265000.0,327449.96401388996
Gradient Boosting,577150.0,521159.172254951
Gradient Boosting,275000.0,338169.099725691
Gradient Boosting,526500.0,511800.3596882824
Gradient Boosting,748000.0,550275.3303280076
Gradient Boosting,895000.0,509013.0991881058
Gradient Boosting,450000.0,550275.3303280076
Gradient Boosting,789000.0,747165.8747911452
Gradient Boosting,1260000.0,609621.8429331518
Gradient Boosting,470000.0,390714.65904935804
Gradient Boosting,335000.0,460542.2963708819
Gradient Boosting,625000.0,524067.167796385
Gradient Boosting,310000.0,517825.08550507843
Gradient Boosting,270000.0,363042.1275221019
Gradient Boosting,1060888.0,569930.7995713984
Gradient Boosting,163000.0,274772.69711105095
Gradient Boosting,300000.0,447643.98793109006
Gradient Boosting,378000.0,369030.51114220073
Gradient Boosting,200000.0,191693.50723481673
Gradient Boosting,1103000.0,533508.398895815
Gradient Boosting,310000.0,500101.10131343914
Gradient Boosting,1450000.0,507142.82874699566
Gradient Boosting,292500.0,354594.35460470367
Gradient Boosting,200000.0,399322.47188935993
Gradient Boosting,885000.0,583520.5753642402
Gradient Boosting,170000.0,222071.4628264394
Gradient Boosting,452000.0,579512.3060122274
Gradient Boosting,440000.0,518168.21164085343
Gradient Boosting,220000.0,529971.1585719235
Gradient Boosting,504000.0,576319.83967262
Gradient Boosting,745000.0,596655.1814295277
Gradient Boosting,80000.0,406814.0584766431
Gradient Boosting,360000.0,509013.0991881058
Gradient Boosting,230435.0,388191.43514101603
Gradient Boosting,290000.0,422113.8631009272
Gradient Boosting,275000.0,393451.9163251767
Gradient Boosting,132500.0,226934.50574584512
Gradient Boosting,268000.0,317604.3378763614
Gradient Boosting,1350000.0,669042.2827009647
Gradient Boosting,942450.0,564364.1418206277
Gradient Boosting,400000.0,564364.1418206277
Gradient Boosting,380000.0,497390.1058210665
Gradient Boosting,181500.0,278864.44080240774
Gradient Boosting,480000.0,1216373.7911951703
Gradient Boosting,405900.0,342685.79647391156
Gradient Boosting,211500.0,358615.8177076748
Gradient Boosting,500000.0,591658.3790790724
Gradient Boosting,420000.0,662359.799663827
Gradient Boosting,568000.0,402775.74952781794
Gradient Boosting,481287.0,474351.92947905406
Gradient Boosting,422300.0,472823.7119222973
Gradient Boosting,375000.0,509013.0991881058
Gradient Boosting,1073250.0,512274.5836112612
Gradient Boosting,199000.0,295102.1171267511
Gradient Boosting,357500.0,377120.0238414847
Gradient Boosting,650000.0,509013.0991881058
Gradient Boosting,296800.0,455545.49402042653
Gradient Boosting,669000.0,579512.3060122274
Gradient Boosting,411000.0,406814.0584766431
Gradient Boosting,380000.0,792647.9489115432
Gradient Boosting,53000.0,210866.3543149706
Gradient Boosting,130000.0,244111.59935120362
Gradient Boosting,340000.0,518936.0026369948
Gradient Boosting,237500.0,361519.81634294474
Gradient Boosting,392500.0,640460.4838622415
Gradient Boosting,276800.0,333884.3604071579
Gradient Boosting,260000.0,507142.82874699566
Gradient Boosting,410000.0,549310.0732123487
Gradient Boosting,300000.0,414398.74289485725
Gradient Boosting,375000.0,360304.87024628324
Gradient Boosting,288800.0,320341.59515218006
Gradient Boosting,1050000.0,517211.8913129168
Gradient Boosting,872000.0,546267.0609759948
Gradient Boosting,675000.0,2161583.8624500916
Gradient Boosting,356500.0,345901.8958349381
Gradient Boosting,360000.0,509880.0860228143
Gradient Boosting,377500.0,382807.0909958935
Gradient Boosting,485000.0,509013.0991881058
Gradient Boosting,380000.0,335395.857576415
Gradient Boosting,850000.0,1008632.8685296874
Gradient Boosting,628888.0,447643.98793109006
Gradient Boosting,78000.0,141228.60877259864
Gradient Boosting,334500.0,447643.98793109006
Gradient Boosting,839000.0,497390.1058210665
Gradient Boosting,400000.0,400608.02209989267
Gradient Boosting,527500.0,474887.8850714562
Gradient Boosting,300000.0,587457.3054944916
Gradient Boosting,350000.0,447643.98793109006
Gradient Boosting,210000.0,333884.3604071579
Gradient Boosting,550000.0,549310.0732123487
Gradient Boosting,80000.0,406814.0584766431
Gradient Boosting,179800.0,393348.3847542672
Gradient Boosting,325000.0,522603.3220630494
Gradient Boosting,480000.0,509013.0991881058
Gradient Boosting,500000.0,544509.4700182137
Gradient Boosting,204500.0,250235.77537149776
Gradient Boosting,256500.0,393451.9163251767
Gradient Boosting,618000.0,435579.927260983
Gradient Boosting,448800.0,312270.89253395586
Gradient Boosting,200000.0,333884.3604071579
Gradient Boosting,310000.0,265643.0231961608
Gradient Boosting,250000.0,495456.25600511517
Gradient Boosting,398800.0,385373.3527810979
Gradient Boosting,1075000.0,558413.1340428398
Gradient Boosting,408000.0,511800.3596882824
Gradient Boosting,215000.0,372922.59969947976
Gradient Boosting,828000.0,581906.8036006743
Gradient Boosting,430000.0,509013.0991881058
Gradient Boosting,374160.0,496854.15022866434
Gradient Boosting,400000.0,680821.3530640155
Gradient Boosting,145000.0,317604.3378763614
Gradient Boosting,330000.0,581906.8036006743
Gradient Boosting,270000.0,399322.47188935993
Gradient Boosting,180000.0,295102.1171267511
Gradient Boosting,915000.0,558413.1340428398
Gradient Boosting,1200000.0,590619.163250135
Gradient Boosting,480000.0,519096.09758127225
Gradient Boosting,314500.0,361843.2383711621
Gradient Boosting,913800.0,580005.0987350504
Gradient Boosting,487500.0,540048.9886317155
Gradient Boosting,528900.0,587821.2363436397
Gradient Boosting,300000.0,539282.6207459267
Gradient Boosting,300000.0,418437.0518436824
Gradient Boosting,588800.0,366725.2654740631
Gradient Boosting,445000.0,409328.42372974014
Gradient Boosting,308000.0,349697.1653043169
Gradient Boosting,462500.0,673220.7662508474
Gradient Boosting,350000.0,509880.0860228143
Gradient Boosting,700000.0,509537.32633544254
Gradient Boosting,435000.0,549310.0732123487
Gradient Boosting,267000.0,721699.9135947013
Gradient Boosting,553200.0,448074.62400298606
Gradient Boosting,120000.0,80736.82988980909
Gradient Boosting,835000.0,628279.7003219805
Gradient Boosting,590000.0,507142.82874699566
Gradient Boosting,75000.0,191693.50723481673
Gradient Boosting,338888.0,382807.0909958935
Gradient Boosting,300000.0,343985.72740951093
Gradient Boosting,705000.0,573204.2286970459
Gradient Boosting,230000.0,419506.4445806752
Gradient Boosting,237500.0,325995.8631519147
Gradient Boosting,500000.0,495063.9800798438
Gradient Boosting,419444.0,509013.0991881058
Gradient Boosting,702500.0,583520.5753642402
Gradient Boosting,650000.0,1008632.8685296874
Gradient Boosting,245000.0,423044.3621402195
Gradient Boosting,3200728.0,942112.8068369731
Gradient Boosting,295000.0,475767.854151873
Gradient Boosting,1770000.0,756545.8700083402
Gradient Boosting,600000.0,558413.1340428398
Gradient Boosting,400000.0,509880.0860228143
Gradient Boosting,300000.0,234011.19937038957
Gradient Boosting,250000.0,249918.48557546834
Gradient Boosting,280000.0,331184.612035101
Gradient Boosting,776900.0,529155.0285011362
Gradient Boosting,85000.0,295102.1171267511
Gradient Boosting,388000.0,476525.35175202356
Gradient Boosting,250000.0,450941.6573486195
Gradient Boosting,1068000.0,721071.0058965036
Gradient Boosting,530000.0,503401.25548737927
Gradient Boosting,341500.0,427436.8631965723
Gradient Boosting,185000.0,210805.7461488805
Gradient Boosting,618800.0,324468.3150428344
Gradient Boosting,100000.0,441642.6400352234
Gradient Boosting,340000.0,503401.25548737927
Gradient Boosting,398000.0,411892.3281908214
Gradient Boosting,450000.0,520219.58309352543
Gradient Boosting,200000.0,231563.2895030827
Gradient Boosting,267500.0,382807.0909958935
Gradient Boosting,383000.0,335397.26983676886
Gradient Boosting,385000.0,421174.3091195011
Gradient Boosting,400000.0,364727.9537394649
Gradient Boosting,1120000.0,579512.3060122274
Gradient Boosting,2330000.0,1176746.636580163
Gradient Boosting,530000.0,1159535.799095891
Gradient Boosting,467500.0,675958.023526666
Gradient Boosting,204000.0,354594.35460470367
Gradient Boosting,637500.0,436020.99456405075
Gradient Boosting,495000.0,989336.7426017168
Gradient Boosting,200000.0,315666.87897608074
Gradient Boosting,382500.0,399322.47188935993
Gradient Boosting,470000.0,360304.87024628324
Gradient Boosting,300000.0,436020.99456405075
Gradient Boosting,435800.0,405941.5203472886
Gradient Boosting,266500.0,361843.2383711621
Gradient Boosting,499800.0,394382.17817448016
Gradient Boosting,655000.0,591658.3790790724
Gradient Boosting,468800.0,320341.59515218006
Gradient Boosting,280000.0,498193.51328093384
Gradient Boosting,350000.0,500101.10131343914
Gradient Boosting,435000.0,509880.0860228143
Gradient Boosting,380000.0,436020.99456405075
Gradient Boosting,395000.0,423851.7261518867
Gradient Boosting,380000.0,365683.5417782701
Gradient Boosting,400000.0,567536.3019829516
Gradient Boosting,362000.0,324468.3150428344
Gradient Boosting,250000.0,529074.1420118506
Gradient Boosting,380000.0,390449.86558566603
Gradient Boosting,468880.0,395088.48340739496
Gradient Boosting,435000.0,366725.2654740631
Gradient Boosting,360000.0,294984.07721084845
Gradient Boosting,200000.0,289140.9914275348
Gradient Boosting,260000.0,348460.85923853994
Gradient Boosting,420000.0,558413.1340428398
Gradient Boosting,110000.0,249918.48557546834
Gradient Boosting,1130000.0,647641.1454616534
Gradient Boosting,688800.0,587457.3054944916
Gradient Boosting,450400.0,587457.3054944916
Gradient Boosting,4045824.0,1696764.3012232848
Gradient Boosting,560000.0,495456.25600511517
Gradient Boosting,1890000.0,599523.7866080361
Gradient Boosting,850000.0,475767.854151873
Gradient Boosting,300000.0,360425.4909623124
Gradient Boosting,369900.0,473175.03046804224
Gradient Boosting,145000.0,305457.34685258433
Gradient Boosting,1700000.0,925628.301680708
Gradient Boosting,430000.0,587457.3054944916
Gradient Boosting,305000.0,297839.3744025698
Gradient Boosting,300000.0,509880.0860228143
Gradient Boosting,320000.0,338169.099725691
Gradient Boosting,310000.0,522326.67987377796
Gradient Boosting,575000.0,543917.3834752385
Gradient Boosting,410000.0,336957.23481050576
Gradient Boosting,360000.0,549310.0732123487
Gradient Boosting,450000.0,550275.3303280076
